编号,分类,模块,窗口标题,文件名,状态,备注
001,平台基础,运行日志,,001-平台基础-软件启动-主窗口.png,已捕获,Release 主程序运行
002,平台基础,主界面与视图管理、流程画布、运行控制,,002-平台基础-主界面-停止运行状态.png,已捕获,Release 主程序运行
010,实际窗体,补充界面,大模型训练界面,010-TDJS_Vision.Forms.AiTrainForm.LargeModelTrainForm.png,已捕获,Release 真实窗体加载
011,平台基础,AI训练入口,无监督训练界面,011-TDJS_Vision.Forms.AiTrainForm.UnsupervisedTrainForm.png,已捕获,Release 真实窗体加载
012,设备能力,二维工业相机,设备添加,012-TDJS_Vision.Forms.CameraAdd.FrmCameraInfo.png,已捕获,Release 真实窗体加载
013,实际窗体,补充界面,相机管理,013-TDJS_Vision.Forms.CameraAdd.FrmCameraListView.png,已捕获,Release 真实窗体加载
014,设备能力,串口通信,串口设备管理,014-TDJS_Vision.Forms.COMAdd.FrmCOMListView.png,已捕获,Release 真实窗体加载
015,实际窗体,补充界面,添加串口,015-TDJS_Vision.Forms.COMAdd.FrmCOMNew.png,已捕获,Release 真实窗体加载
016,平台基础,检测项配置,检测项管理,016-TDJS_Vision.Forms.DetectItemManager.FormDetectItemManager.png,已捕获,Release 真实窗体加载
017,平台基础,全局信号,全局信号设置,017-TDJS_Vision.Forms.GlobalSignalSettings.FormGlobalSignal.png,已捕获,Release 真实窗体加载
018,实际窗体,补充界面,联系我们,018-TDJS_Vision.Forms.Helper.ContactUsFormForm.png,已捕获,Release 真实窗体加载
019,实际窗体,补充界面,关于鹰眼智检系统,019-TDJS_Vision.Forms.Helper.FrmAbout.png,已捕获,Release 真实窗体加载
020,实际窗体,补充界面,ImageViewer.CanvasLayoutTitle,020-TDJS_Vision.Forms.ImageViewer.CanvasSet.png,已捕获,Release 真实窗体加载
021,实际窗体,补充界面,检测图像,021-TDJS_Vision.Forms.ImageViewer.FrmImageViewer.png,已捕获,Release 真实窗体加载
026,设备能力,光源控制器,光源管理,026-TDJS_Vision.Forms.LightAdd.FrmLightListView.png,已捕获,Release 真实窗体加载
027,实际窗体,补充界面,添加光源,027-TDJS_Vision.Forms.LightAdd.FrmLightNew.png,已捕获,Release 真实窗体加载
028,平台基础,用户登录与权限,登录,028-TDJS_Vision.Forms.Login.FormLogin.png,已捕获,Release 真实窗体加载
029,实际窗体,补充界面,,029-TDJS_Vision.Forms.LogoView.FrmLogo.png,已捕获,Release 真实窗体加载
030,设备能力,Modbus通信,Modbus设备管理,030-TDJS_Vision.Forms.ModbusAdd.FrmModbusListView.png,已捕获,Release 真实窗体加载
031,实际窗体,补充界面,添加Modbus,031-TDJS_Vision.Forms.ModbusAdd.FrmModbusNew.png,已捕获,Release 真实窗体加载
032,设备能力,PLC通信,PLC设备管理,032-TDJS_Vision.Forms.PLCAdd.FrmPLCListView.png,已捕获,Release 真实窗体加载
033,实际窗体,补充界面,添加PLC,033-TDJS_Vision.Forms.PLCAdd.FrmPLCNew.png,已捕获,Release 真实窗体加载
034,平台基础,方案管理、流程管理,ProcessNew.EditorTitle,034-TDJS_Vision.Forms.ProcessNew.FormNewProcessWizard.png,已捕获,Release 真实窗体加载
035,实际窗体,补充界面,ProcessNew.SetGroup,035-TDJS_Vision.Forms.ProcessNew.FormProcessGroupSetting.png,已捕获,Release 真实窗体加载
036,实际窗体,补充界面,ProcessNew.RenameProcess,036-TDJS_Vision.Forms.ProcessNew.FormProcessRename.png,已捕获,Release 真实窗体加载
037,实际窗体,补充界面,ProcessNew.SetPriority,037-TDJS_Vision.Forms.ProcessNew.FormSetProcessLv.png,已捕获,Release 真实窗体加载
038,结果处理,检测结果显示,检测结果,038-TDJS_Vision.Forms.ResultView.FrmResultView.png,已捕获,Release 真实窗体加载
039,实际窗体,补充界面,SelectDetectItem.Title,039-TDJS_Vision.Forms.SelectDetectItem.FormSelectDetectItem.png,已捕获,Release 真实窗体加载
040,平台基础,运行参数,SolRunParam.Title,040-TDJS_Vision.Forms.SolRunParam.FormSolRunParam.png,已捕获,Release 真实窗体加载
041,平台基础,系统设置,系统设置,041-TDJS_Vision.Forms.SystemSetting.FrmSystemSetting.png,已捕获,Release 真实窗体加载
042,设备能力,TCP通信,TCP设备管理,042-TDJS_Vision.Forms.TCPAdd.FrmTCPListView.png,已捕获,Release 真实窗体加载
043,实际窗体,补充界面,添加TCP设备,043-TDJS_Vision.Forms.TCPAdd.FrmTCPNew.png,已捕获,Release 真实窗体加载
044,实际窗体,补充界面,CustomMessageBox,044-TDJS_Vision.Forms.YTMessageBox.MessageBoxTD.png,已捕获,Release 真实窗体加载
046,图像采集,3D图像显示,3D图像显示,046-TDJS_Vision.Node._1_Acquisition.ImageShow3D.ParamFormImageShow3D.png,已捕获,Release 真实窗体加载
047,图像采集,图像显示,ImageViewer.ImageShowTitle,047-TDJS_Vision.Node._1_Acquisition.ImageSource.ParamFormImageShow.png,已捕获,Release 真实窗体加载
048,图像采集,图像源,图像源,048-TDJS_Vision.Node._1_Acquisition.ImageSource.ParamFormImageSource.png,已捕获,Release 真实窗体加载
049,图像采集、设备能力,三维相机、3D图像源,3D图像源,049-TDJS_Vision.Node._1_Acquisition.ImageSource3D.ParamFormImageSource3D.png,已捕获,Release 真实窗体加载
050,图像处理,图像裁剪,图像裁剪,050-TDJS_Vision.Node._2_ImagePreprocessing.ImageCrop.NodeParamFormImageCrop.png,已捕获,Release 真实窗体加载
051,图像处理,图像预处理,图像预处理,051-TDJS_Vision.Node._2_ImagePreprocessing.ImagePreprocess.NodeParamFormImagePreprocess.png,已捕获,Release 真实窗体加载
052,图像处理,图像旋转,旋转图像节点参数,052-TDJS_Vision.Node._2_ImagePreprocessing.ImageRotate.NodeParamFormImageRotate.png,已捕获,Release 真实窗体加载
053,图像处理,图像分割,图像拆分,053-TDJS_Vision.Node._2_ImagePreprocessing.ImageSplit.ParamFormImageSplit.png,已捕获,Release 真实窗体加载
054,检测识别,电池极耳检测,锂电池极耳检测,054-TDJS_Vision.Node._3_Detection.BatteryEar.NodeParamFormBatteryEar.png,已捕获,Release 真实窗体加载
055,检测识别,二值化分析,二值化分析,055-TDJS_Vision.Node._3_Detection.ColorDiscern.NodeParamFormBinaryAnalysis.png,已捕获,Release 真实窗体加载
056,检测识别,颜色识别,颜色识别,056-TDJS_Vision.Node._3_Detection.ColorDiscern.NodeParamFormColorDiscern.png,已捕获,Release 真实窗体加载
057,检测识别,圆检测,查找圆参数,057-TDJS_Vision.Node._3_Detection.FindCircle.NodeParamFormFindCircle.png,已捕获,Release 真实窗体加载
058,检测识别,直线检测,查找直线参数,058-TDJS_Vision.Node._3_Detection.FindLine.NodeParamFormFindLine.png,已捕获,Release 真实窗体加载
059,检测识别,大模型调用,大模型调用,059-TDJS_Vision.Node._3_Detection.LargeModel.ParamFormLargeModelDetection.png,已捕获,Release 真实窗体加载
060,检测识别,模版匹配,轮廓匹配,060-TDJS_Vision.Node._3_Detection.MatchTemplate.NodeParamFormMatchTemplate.png,已捕获,Release 真实窗体加载
061,检测识别,二维码识别,二维码识别,061-TDJS_Vision.Node._3_Detection.QRScan.NodeParamFormQRScan.png,已捕获,Release 真实窗体加载
062,检测识别,AI检测,AI检测节点参数设置,062-TDJS_Vision.Node._3_Detection.TDAI.ParamFormTDAI.png,已捕获,Release 真实窗体加载
063,检测识别,无监督检测,无监督检测,063-TDJS_Vision.Node._3_Detection.Unsupervised.ParamFormUnsupervisedDetection.png,已捕获,Release 真实窗体加载
064,测量工具,卡尺找圆,卡尺找圆,064-TDJS_Vision.Node._4_Measurement.CaliperCircle.NodeParamFormCaliperCircle.png,已捕获,Release 真实窗体加载
065,测量工具,卡尺找椭圆,卡尺找椭圆,065-TDJS_Vision.Node._4_Measurement.CaliperEllipse.NodeParamFormCaliperEllipse.png,已捕获,Release 真实窗体加载
066,测量工具,卡尺找线,卡尺找线,066-TDJS_Vision.Node._4_Measurement.CaliperLine.NodeParamFormCaliperLine.png,已捕获,Release 真实窗体加载
067,测量工具,找点,找点,067-TDJS_Vision.Node._4_Measurement.FindPoint.NodeParamFormFindPoint.png,已捕获,Release 真实窗体加载
068,测量工具,线到线夹角,线到线夹角,068-TDJS_Vision.Node._4_Measurement.LineLineAngle.NodeParamFormLineLineAngle.png,已捕获,Release 真实窗体加载
069,测量工具,点到线距离,点到线距离,069-TDJS_Vision.Node._4_Measurement.PointLineDistance.NodeParamFormPointLineDistance.png,已捕获,Release 真实窗体加载
070,测量工具,点到点距离,点到点距离,070-TDJS_Vision.Node._4_Measurement.PointPointDistance.NodeParamFormPointPointDistance.png,已捕获,Release 真实窗体加载
071,测量工具,点到区域距离,点到区域距离,071-TDJS_Vision.Node._4_Measurement.PointRegionDistance.NodeParamFormPointRegionDistance.png,已捕获,Release 真实窗体加载
072,测量工具,位置修正,位置修正,072-TDJS_Vision.Node._4_Measurement.PositionCorrection.NodeParamFormPositionCorrection.png,已捕获,Release 真实窗体加载
073,结果处理,发送AI结果,配置信号列表,073-TDJS_Vision.Node._5_EquipmentCommunication.AIResultSend.ParamFormSignalSend.png,已捕获,Release 真实窗体加载
074,设备通信,相机IO,相机IO设置,074-TDJS_Vision.Node._5_EquipmentCommunication.CameraIO.ParamFormCameraIO.png,已捕获,Release 真实窗体加载
075,设备通信,相机IO手动控制,相机IO设置,075-TDJS_Vision.Node._5_EquipmentCommunication.CamerIOImprovement.ParamFormCameraIOManual.png,已捕获,Release 真实窗体加载
076,设备通信,串口发送,串口发送,076-TDJS_Vision.Node._5_EquipmentCommunication.ComSend.ParamFormComSend.png,已捕获,Release 真实窗体加载
077,设备通信,科锐IO模块,科锐IO模块,077-TDJS_Vision.Node._5_EquipmentCommunication.ERUIIO.ParamFormERUIIO.png,已捕获,Release 真实窗体加载
078,设备通信,打开光源,光源打开,078-TDJS_Vision.Node._5_EquipmentCommunication.LightOpen.ParamFormLight.png,已捕获,Release 真实窗体加载
079,设备通信,Modbus读,Modbus读取,079-TDJS_Vision.Node._5_EquipmentCommunication.ModbusRead.ParamFormModbusRead.png,已捕获,Release 真实窗体加载
080,设备通信,Modbus软触发,Modbus软触发信号,080-TDJS_Vision.Node._5_EquipmentCommunication.ModbusSoftTrigger.ParamFormModbusSoftTrigger.png,已捕获,Release 真实窗体加载
081,设备通信,Modbus写,Modbus写入,081-TDJS_Vision.Node._5_EquipmentCommunication.ModbusWrite.ParamFormModbusWrite.png,已捕获,Release 真实窗体加载
082,设备通信,监听全局信号,监听信号读取,082-TDJS_Vision.Node._5_EquipmentCommunication.PlcRead.ParamFormFlagRead.png,已捕获,Release 真实窗体加载
083,设备通信,PLC读,PLC数据寄存器读取,083-TDJS_Vision.Node._5_EquipmentCommunication.PlcRead.ParamFormPlcRead.png,已捕获,Release 真实窗体加载
084,设备通信,PLC软触发,软触发拍照信号,084-TDJS_Vision.Node._5_EquipmentCommunication.PLCSoftTrigger.ParamFormWaitSoftTrigger.png,已捕获,Release 真实窗体加载
085,设备通信,PLC写,PLC数据寄存器写入,085-TDJS_Vision.Node._5_EquipmentCommunication.PlcWirte.ParamFormPlcWrite.png,已捕获,Release 真实窗体加载
086,设备通信,TCP请求,TCP客户端发送,086-TDJS_Vision.Node._5_EquipmentCommunication.TcpClient.ParamFormTCPClient.png,已捕获,Release 真实窗体加载
087,设备通信,TCP响应,TCP服务器响应,087-TDJS_Vision.Node._5_EquipmentCommunication.TcpServer.ParamFormTCPServer.png,已捕获,Release 真实窗体加载
088,逻辑工具,四则运算,四则运算,088-TDJS_Vision.Node._6_LogicTool.ArithmeticOperation.NodeParamFormArithmeticOperation.png,已捕获,Release 真实窗体加载
089,逻辑工具,组合输入,组合输入,089-TDJS_Vision.Node._6_LogicTool.CompositeModule.NodeParamFormCompositeInput.png,已捕获,Release 真实窗体加载
090,逻辑工具,组合模块,组合模块,090-TDJS_Vision.Node._6_LogicTool.CompositeModule.NodeParamFormCompositeModule.png,已捕获,Release 真实窗体加载
091,逻辑工具,组合输出,组合输出,091-TDJS_Vision.Node._6_LogicTool.CompositeModule.NodeParamFormCompositeOutput.png,已捕获,Release 真实窗体加载
092,逻辑工具,条件运行,条件执行,092-TDJS_Vision.Node._6_LogicTool.ConditionRun.NodeParamFormConditionRun.png,已捕获,Release 真实窗体加载
093,逻辑工具,C#脚本,C#脚本,093-TDJS_Vision.Node._6_LogicTool.CSharpScript.NodeParamFormCSharpScript.png,已捕获,Release 真实窗体加载
094,逻辑工具,如果、否则、结束如果,条件执行,094-TDJS_Vision.Node._6_LogicTool.If.NodeParamFormIf.png,已捕获,Release 真实窗体加载
095,逻辑工具,弹窗,条件弹窗,095-TDJS_Vision.Node._6_LogicTool.MessageBox.NodeParamFormMessageBox.png,已捕获,Release 真实窗体加载
096,逻辑工具,多条件判断,多条件判断,096-TDJS_Vision.Node._6_LogicTool.MultiCondition.NodeParamFormMultiCondition.png,已捕获,Release 真实窗体加载
097,逻辑工具,流程信号,流程间信号,097-TDJS_Vision.Node._6_LogicTool.ProcessSignal.NodeParamFormProcessSignal.png,已捕获,Release 真实窗体加载
098,逻辑工具,触发同组流程,条件执行,098-TDJS_Vision.Node._6_LogicTool.ProcessTrigger.NodeParamFormProcessTrigger.png,已捕获,Release 真实窗体加载
099,逻辑工具,共享变量,共享变量参数设置,099-TDJS_Vision.Node._6_LogicTool.SharedVariable.NodeParamFormSharedVariable.png,已捕获,Release 真实窗体加载
100,逻辑工具,延迟执行,延迟工具,100-TDJS_Vision.Node._6_LogicTool.SleepTool.NodeParamFormSleepTool.png,已捕获,Release 真实窗体加载
101,逻辑工具,等待流程完成,等待流程运行结束,101-TDJS_Vision.Node._6_LogicTool.WaitProcessComplete.NodeParamFormWaitProcessComplete.png,已捕获,Release 真实窗体加载
102,实际窗体,补充界面,显示AI检测结果,102-TDJS_Vision.Node._7_ResultProcessing.DataShow.NodeParamFormDataShow.png,已捕获,Release 真实窗体加载
103,结果处理,导出检测表格,导出检测表格参数,103-TDJS_Vision.Node._7_ResultProcessing.GenerateExcelSpreadsheet.ParamFormGenerateExcel.png,已捕获,Release 真实窗体加载
104,结果处理,定期删除图片,自动删除图片设置,104-TDJS_Vision.Node._7_ResultProcessing.ImageDelete.NodeParamFormImageDelete.png,已捕获,Release 真实窗体加载
105,结果处理,AI结果绘制,绘制AI结果,105-TDJS_Vision.Node._7_ResultProcessing.ImageDraw.NodeParamFormImageDraw.png,已捕获,Release 真实窗体加载
106,结果处理,保存图片,保存图片参数设置,106-TDJS_Vision.Node._7_ResultProcessing.ImageSave.ParamFormImageSave.png,已捕获,Release 真实窗体加载
107,结果处理,ROI结果绘制,ROI结果绘制,107-TDJS_Vision.Node._7_ResultProcessing.ResultOverlayDraw.NodeParamFormResultOverlayDraw.png,已捕获,Release 真实窗体加载
108,结果处理,ROI结果绘制2,ROI结果绘制2,108-TDJS_Vision.Node._7_ResultProcessing.ResultOverlayDraw2.NodeParamFormResultOverlayDraw2.png,已捕获,Release 真实窗体加载
109,结果处理,结果汇总,结果汇总,109-TDJS_Vision.Node._7_ResultProcessing.ResultSummarize.ParamFormSummarize.png,已捕获,Release 真实窗体加载
110,图形创建,线组合拟合,线组合拟合,110-TDJS_Vision.Node._8_GeometryCreation.LineMergeFit.NodeParamFormLineMergeFit.png,已捕获,Release 真实窗体加载
