模块,原图,标注图,编号,说明,归一化矩形
3D图像显示,046-TDJS_Vision.Node._1_Acquisition.ImageShow3D.ParamFormImageShow3D.png,001-3D图像显示.png,1,订阅三维图像结果,"0.0500,0.1200,0.9500,0.5400"
3D图像显示,046-TDJS_Vision.Node._1_Acquisition.ImageShow3D.ParamFormImageShow3D.png,001-3D图像显示.png,2,选择显示窗口,"0.0500,0.5000,0.9500,0.7800"
3D图像显示,046-TDJS_Vision.Node._1_Acquisition.ImageShow3D.ParamFormImageShow3D.png,001-3D图像显示.png,3,确认三维显示配置,"0.2600,0.7600,0.7400,0.9600"
3D图像源,049-TDJS_Vision.Node._1_Acquisition.ImageSource3D.ParamFormImageSource3D.png,002-3D图像源.png,1,选择三维相机,"0.0400,0.1200,0.9600,0.3400"
3D图像源,049-TDJS_Vision.Node._1_Acquisition.ImageSource3D.ParamFormImageSource3D.png,002-3D图像源.png,2,设置取图模式、超时和点数,"0.0400,0.3000,0.9600,0.7600"
3D图像源,049-TDJS_Vision.Node._1_Acquisition.ImageSource3D.ParamFormImageSource3D.png,002-3D图像源.png,3,确认三维取图配置,"0.3000,0.7400,0.7000,0.9600"
AI检测,062-TDJS_Vision.Node._3_Detection.TDAI.ParamFormTDAI.png,003-AI检测.png,1,选择输入图像或上游结果,"0.0200,0.0800,0.4500,0.2900"
AI检测,062-TDJS_Vision.Node._3_Detection.TDAI.ParamFormTDAI.png,003-AI检测.png,2,设置AI检测关键参数,"0.0200,0.2700,0.4600,0.8400"
AI检测,062-TDJS_Vision.Node._3_Detection.TDAI.ParamFormTDAI.png,003-AI检测.png,3,查看 ROI 或运行效果,"0.4400,0.0800,0.9800,0.8600"
AI检测,062-TDJS_Vision.Node._3_Detection.TDAI.ParamFormTDAI.png,003-AI检测.png,4,执行并确认,"0.4400,0.8500,0.9800,0.9900"
AI结果绘制,105-TDJS_Vision.Node._7_ResultProcessing.ImageDraw.NodeParamFormImageDraw.png,004-AI结果绘制.png,1,选择输入图像或上游结果,"0.0200,0.0800,0.4500,0.2900"
AI结果绘制,105-TDJS_Vision.Node._7_ResultProcessing.ImageDraw.NodeParamFormImageDraw.png,004-AI结果绘制.png,2,设置AI结果绘制关键参数,"0.0200,0.2700,0.4600,0.8400"
AI结果绘制,105-TDJS_Vision.Node._7_ResultProcessing.ImageDraw.NodeParamFormImageDraw.png,004-AI结果绘制.png,3,查看 ROI 或运行效果,"0.4400,0.0800,0.9800,0.8600"
AI结果绘制,105-TDJS_Vision.Node._7_ResultProcessing.ImageDraw.NodeParamFormImageDraw.png,004-AI结果绘制.png,4,执行并确认,"0.4400,0.8500,0.9800,0.9900"
AI训练入口,011-TDJS_Vision.Forms.AiTrainForm.UnsupervisedTrainForm.png,005-AI训练入口.png,1,选择训练图像路径,"0.0200,0.0800,0.9800,0.2500"
AI训练入口,011-TDJS_Vision.Forms.AiTrainForm.UnsupervisedTrainForm.png,005-AI训练入口.png,2,查看样本分类数量,"0.0100,0.2200,0.2400,0.9800"
AI训练入口,011-TDJS_Vision.Forms.AiTrainForm.UnsupervisedTrainForm.png,005-AI训练入口.png,3,进入训练配置和执行区域,"0.2200,0.2200,0.9800,0.9800"
C#脚本,093-TDJS_Vision.Node._6_LogicTool.CSharpScript.NodeParamFormCSharpScript.png,006-C#脚本.png,1,选择条件、变量或目标流程,"0.0500,0.1000,0.9500,0.3600"
C#脚本,093-TDJS_Vision.Node._6_LogicTool.CSharpScript.NodeParamFormCSharpScript.png,006-C#脚本.png,2,设置C#脚本参数,"0.0500,0.3400,0.9500,0.7800"
C#脚本,093-TDJS_Vision.Node._6_LogicTool.CSharpScript.NodeParamFormCSharpScript.png,006-C#脚本.png,3,保存或确认配置,"0.2400,0.7700,0.7600,0.9700"
Modbus写,081-TDJS_Vision.Node._5_EquipmentCommunication.ModbusWrite.ParamFormModbusWrite.png,007-Modbus写.png,1,选择通信设备或信号来源,"0.0500,0.1000,0.9500,0.3600"
Modbus写,081-TDJS_Vision.Node._5_EquipmentCommunication.ModbusWrite.ParamFormModbusWrite.png,007-Modbus写.png,2,设置Modbus写参数,"0.0500,0.3400,0.9500,0.7800"
Modbus写,081-TDJS_Vision.Node._5_EquipmentCommunication.ModbusWrite.ParamFormModbusWrite.png,007-Modbus写.png,3,保存或确认配置,"0.2400,0.7700,0.7600,0.9700"
Modbus读,079-TDJS_Vision.Node._5_EquipmentCommunication.ModbusRead.ParamFormModbusRead.png,008-Modbus读.png,1,选择通信设备或信号来源,"0.0500,0.1000,0.9500,0.3600"
Modbus读,079-TDJS_Vision.Node._5_EquipmentCommunication.ModbusRead.ParamFormModbusRead.png,008-Modbus读.png,2,设置Modbus读参数,"0.0500,0.3400,0.9500,0.7800"
Modbus读,079-TDJS_Vision.Node._5_EquipmentCommunication.ModbusRead.ParamFormModbusRead.png,008-Modbus读.png,3,保存或确认配置,"0.2400,0.7700,0.7600,0.9700"
Modbus软触发,080-TDJS_Vision.Node._5_EquipmentCommunication.ModbusSoftTrigger.ParamFormModbusSoftTrigger.png,009-Modbus软触发.png,1,选择通信设备或信号来源,"0.0500,0.1000,0.9500,0.3600"
Modbus软触发,080-TDJS_Vision.Node._5_EquipmentCommunication.ModbusSoftTrigger.ParamFormModbusSoftTrigger.png,009-Modbus软触发.png,2,设置Modbus软触发参数,"0.0500,0.3400,0.9500,0.7800"
Modbus软触发,080-TDJS_Vision.Node._5_EquipmentCommunication.ModbusSoftTrigger.ParamFormModbusSoftTrigger.png,009-Modbus软触发.png,3,保存或确认配置,"0.2400,0.7700,0.7600,0.9700"
Modbus通信,030-TDJS_Vision.Forms.ModbusAdd.FrmModbusListView.png,010-Modbus通信.png,1,设备列表与新增入口,"0.0100,0.0600,0.2600,0.9800"
Modbus通信,030-TDJS_Vision.Forms.ModbusAdd.FrmModbusListView.png,010-Modbus通信.png,2,设置Modbus通信通信参数,"0.2500,0.0600,0.9900,0.9800"
PLC写,085-TDJS_Vision.Node._5_EquipmentCommunication.PlcWirte.ParamFormPlcWrite.png,011-PLC写.png,1,选择通信设备或信号来源,"0.0500,0.1000,0.9500,0.3600"
PLC写,085-TDJS_Vision.Node._5_EquipmentCommunication.PlcWirte.ParamFormPlcWrite.png,011-PLC写.png,2,设置PLC写参数,"0.0500,0.3400,0.9500,0.7800"
PLC写,085-TDJS_Vision.Node._5_EquipmentCommunication.PlcWirte.ParamFormPlcWrite.png,011-PLC写.png,3,保存或确认配置,"0.2400,0.7700,0.7600,0.9700"
PLC读,083-TDJS_Vision.Node._5_EquipmentCommunication.PlcRead.ParamFormPlcRead.png,012-PLC读.png,1,选择通信设备或信号来源,"0.0500,0.1000,0.9500,0.3600"
PLC读,083-TDJS_Vision.Node._5_EquipmentCommunication.PlcRead.ParamFormPlcRead.png,012-PLC读.png,2,设置PLC读参数,"0.0500,0.3400,0.9500,0.7800"
PLC读,083-TDJS_Vision.Node._5_EquipmentCommunication.PlcRead.ParamFormPlcRead.png,012-PLC读.png,3,保存或确认配置,"0.2400,0.7700,0.7600,0.9700"
PLC软触发,084-TDJS_Vision.Node._5_EquipmentCommunication.PLCSoftTrigger.ParamFormWaitSoftTrigger.png,013-PLC软触发.png,1,选择通信设备或信号来源,"0.0500,0.1000,0.9500,0.3600"
PLC软触发,084-TDJS_Vision.Node._5_EquipmentCommunication.PLCSoftTrigger.ParamFormWaitSoftTrigger.png,013-PLC软触发.png,2,设置PLC软触发参数,"0.0500,0.3400,0.9500,0.7800"
PLC软触发,084-TDJS_Vision.Node._5_EquipmentCommunication.PLCSoftTrigger.ParamFormWaitSoftTrigger.png,013-PLC软触发.png,3,保存或确认配置,"0.2400,0.7700,0.7600,0.9700"
PLC通信,032-TDJS_Vision.Forms.PLCAdd.FrmPLCListView.png,014-PLC通信.png,1,设备列表与新增入口,"0.0100,0.0600,0.2600,0.9800"
PLC通信,032-TDJS_Vision.Forms.PLCAdd.FrmPLCListView.png,014-PLC通信.png,2,设置PLC通信通信参数,"0.2500,0.0600,0.9900,0.9800"
ROI结果绘制,107-TDJS_Vision.Node._7_ResultProcessing.ResultOverlayDraw.NodeParamFormResultOverlayDraw.png,015-ROI结果绘制.png,1,选择输入图像或上游结果,"0.0200,0.0800,0.4500,0.2900"
ROI结果绘制,107-TDJS_Vision.Node._7_ResultProcessing.ResultOverlayDraw.NodeParamFormResultOverlayDraw.png,015-ROI结果绘制.png,2,设置ROI结果绘制关键参数,"0.0200,0.2700,0.4600,0.8400"
ROI结果绘制,107-TDJS_Vision.Node._7_ResultProcessing.ResultOverlayDraw.NodeParamFormResultOverlayDraw.png,015-ROI结果绘制.png,3,查看 ROI 或运行效果,"0.4400,0.0800,0.9800,0.8600"
ROI结果绘制,107-TDJS_Vision.Node._7_ResultProcessing.ResultOverlayDraw.NodeParamFormResultOverlayDraw.png,015-ROI结果绘制.png,4,执行并确认,"0.4400,0.8500,0.9800,0.9900"
ROI结果绘制2,108-TDJS_Vision.Node._7_ResultProcessing.ResultOverlayDraw2.NodeParamFormResultOverlayDraw2.png,016-ROI结果绘制2.png,1,选择输入图像或上游结果,"0.0200,0.0800,0.4500,0.2900"
ROI结果绘制2,108-TDJS_Vision.Node._7_ResultProcessing.ResultOverlayDraw2.NodeParamFormResultOverlayDraw2.png,016-ROI结果绘制2.png,2,设置ROI结果绘制2关键参数,"0.0200,0.2700,0.4600,0.8400"
ROI结果绘制2,108-TDJS_Vision.Node._7_ResultProcessing.ResultOverlayDraw2.NodeParamFormResultOverlayDraw2.png,016-ROI结果绘制2.png,3,查看 ROI 或运行效果,"0.4400,0.0800,0.9800,0.8600"
ROI结果绘制2,108-TDJS_Vision.Node._7_ResultProcessing.ResultOverlayDraw2.NodeParamFormResultOverlayDraw2.png,016-ROI结果绘制2.png,4,执行并确认,"0.4400,0.8500,0.9800,0.9900"
TCP响应,087-TDJS_Vision.Node._5_EquipmentCommunication.TcpServer.ParamFormTCPServer.png,017-TCP响应.png,1,选择通信设备或信号来源,"0.0500,0.1000,0.9500,0.3600"
TCP响应,087-TDJS_Vision.Node._5_EquipmentCommunication.TcpServer.ParamFormTCPServer.png,017-TCP响应.png,2,设置TCP响应参数,"0.0500,0.3400,0.9500,0.7800"
TCP响应,087-TDJS_Vision.Node._5_EquipmentCommunication.TcpServer.ParamFormTCPServer.png,017-TCP响应.png,3,保存或确认配置,"0.2400,0.7700,0.7600,0.9700"
TCP请求,086-TDJS_Vision.Node._5_EquipmentCommunication.TcpClient.ParamFormTCPClient.png,018-TCP请求.png,1,选择通信设备或信号来源,"0.0500,0.1000,0.9500,0.3600"
TCP请求,086-TDJS_Vision.Node._5_EquipmentCommunication.TcpClient.ParamFormTCPClient.png,018-TCP请求.png,2,设置TCP请求参数,"0.0500,0.3400,0.9500,0.7800"
TCP请求,086-TDJS_Vision.Node._5_EquipmentCommunication.TcpClient.ParamFormTCPClient.png,018-TCP请求.png,3,保存或确认配置,"0.2400,0.7700,0.7600,0.9700"
TCP通信,042-TDJS_Vision.Forms.TCPAdd.FrmTCPListView.png,019-TCP通信.png,1,设备列表与新增入口,"0.0100,0.0600,0.2600,0.9800"
TCP通信,042-TDJS_Vision.Forms.TCPAdd.FrmTCPListView.png,019-TCP通信.png,2,设置TCP通信通信参数,"0.2500,0.0600,0.9900,0.9800"
三维相机,049-TDJS_Vision.Node._1_Acquisition.ImageSource3D.ParamFormImageSource3D.png,020-三维相机.png,1,选择三维相机,"0.0400,0.1200,0.9600,0.3400"
三维相机,049-TDJS_Vision.Node._1_Acquisition.ImageSource3D.ParamFormImageSource3D.png,020-三维相机.png,2,设置图像模式和取图参数,"0.0400,0.3000,0.9600,0.7600"
三维相机,049-TDJS_Vision.Node._1_Acquisition.ImageSource3D.ParamFormImageSource3D.png,020-三维相机.png,3,确认三维取图配置,"0.3000,0.7400,0.7000,0.9600"
串口发送,076-TDJS_Vision.Node._5_EquipmentCommunication.ComSend.ParamFormComSend.png,021-串口发送.png,1,选择通信设备或信号来源,"0.0500,0.1000,0.9500,0.3600"
串口发送,076-TDJS_Vision.Node._5_EquipmentCommunication.ComSend.ParamFormComSend.png,021-串口发送.png,2,设置串口发送参数,"0.0500,0.3400,0.9500,0.7800"
串口发送,076-TDJS_Vision.Node._5_EquipmentCommunication.ComSend.ParamFormComSend.png,021-串口发送.png,3,保存或确认配置,"0.2400,0.7700,0.7600,0.9700"
串口通信,014-TDJS_Vision.Forms.COMAdd.FrmCOMListView.png,022-串口通信.png,1,设备列表与新增入口,"0.0100,0.0600,0.2600,0.9800"
串口通信,014-TDJS_Vision.Forms.COMAdd.FrmCOMListView.png,022-串口通信.png,2,设置串口通信通信参数,"0.2500,0.0600,0.9900,0.9800"
主界面与视图管理,002-平台基础-主界面-停止运行状态.png,023-主界面与视图管理.png,1,菜单和常用工具栏,"0.0000,0.0000,0.7600,0.1100"
主界面与视图管理,002-平台基础-主界面-停止运行状态.png,023-主界面与视图管理.png,2,方案与流程标签页,"0.0000,0.1000,0.4800,0.1800"
主界面与视图管理,002-平台基础-主界面-停止运行状态.png,023-主界面与视图管理.png,3,图像和运行监控区域,"0.0200,0.1700,0.9900,0.9900"
二值化分析,055-TDJS_Vision.Node._3_Detection.ColorDiscern.NodeParamFormBinaryAnalysis.png,024-二值化分析.png,1,选择输入图像或上游结果,"0.0200,0.0800,0.4500,0.2900"
二值化分析,055-TDJS_Vision.Node._3_Detection.ColorDiscern.NodeParamFormBinaryAnalysis.png,024-二值化分析.png,2,设置二值化分析关键参数,"0.0200,0.2700,0.4600,0.8400"
二值化分析,055-TDJS_Vision.Node._3_Detection.ColorDiscern.NodeParamFormBinaryAnalysis.png,024-二值化分析.png,3,查看 ROI 或运行效果,"0.4400,0.0800,0.9800,0.8600"
二值化分析,055-TDJS_Vision.Node._3_Detection.ColorDiscern.NodeParamFormBinaryAnalysis.png,024-二值化分析.png,4,执行并确认,"0.4400,0.8500,0.9800,0.9900"
二维工业相机,012-TDJS_Vision.Forms.CameraAdd.FrmCameraInfo.png,025-二维工业相机.png,1,选择相机品牌和设备,"0.0300,0.1000,0.6800,0.5200"
二维工业相机,012-TDJS_Vision.Forms.CameraAdd.FrmCameraInfo.png,025-二维工业相机.png,2,搜索在线相机,"0.7200,0.2800,0.9600,0.5400"
二维工业相机,012-TDJS_Vision.Forms.CameraAdd.FrmCameraInfo.png,025-二维工业相机.png,3,填写相机自定义名称,"0.0300,0.5400,0.6800,0.7600"
二维工业相机,012-TDJS_Vision.Forms.CameraAdd.FrmCameraInfo.png,025-二维工业相机.png,4,添加相机,"0.7200,0.7200,0.9600,0.9600"
二维码识别,061-TDJS_Vision.Node._3_Detection.QRScan.NodeParamFormQRScan.png,026-二维码识别.png,1,选择输入图像或上游结果,"0.0200,0.0800,0.4500,0.2900"
二维码识别,061-TDJS_Vision.Node._3_Detection.QRScan.NodeParamFormQRScan.png,026-二维码识别.png,2,设置二维码识别关键参数,"0.0200,0.2700,0.4600,0.8400"
二维码识别,061-TDJS_Vision.Node._3_Detection.QRScan.NodeParamFormQRScan.png,026-二维码识别.png,3,查看 ROI 或运行效果,"0.4400,0.0800,0.9800,0.8600"
二维码识别,061-TDJS_Vision.Node._3_Detection.QRScan.NodeParamFormQRScan.png,026-二维码识别.png,4,执行并确认,"0.4400,0.8500,0.9800,0.9900"
位置修正,072-TDJS_Vision.Node._4_Measurement.PositionCorrection.NodeParamFormPositionCorrection.png,027-位置修正.png,1,启用位置修正,"0.0500,0.1000,0.9500,0.3400"
位置修正,072-TDJS_Vision.Node._4_Measurement.PositionCorrection.NodeParamFormPositionCorrection.png,027-位置修正.png,2,设置 X、Y 和角度修正量,"0.0500,0.3000,0.9500,0.8200"
位置修正,072-TDJS_Vision.Node._4_Measurement.PositionCorrection.NodeParamFormPositionCorrection.png,027-位置修正.png,3,保存修正参数,"0.2600,0.8000,0.7400,0.9700"
保存图片,106-TDJS_Vision.Node._7_ResultProcessing.ImageSave.ParamFormImageSave.png,028-保存图片.png,1,选择存图路径和输入图像,"0.0200,0.0500,0.9800,0.2400"
保存图片,106-TDJS_Vision.Node._7_ResultProcessing.ImageSave.ParamFormImageSave.png,028-保存图片.png,2,设置图片命名和子目录,"0.0200,0.2200,0.9800,0.4800"
保存图片,106-TDJS_Vision.Node._7_ResultProcessing.ImageSave.ParamFormImageSave.png,028-保存图片.png,3,设置保存条件和压缩选项,"0.0200,0.4600,0.9800,0.8600"
保存图片,106-TDJS_Vision.Node._7_ResultProcessing.ImageSave.ParamFormImageSave.png,028-保存图片.png,4,保存节点配置,"0.3500,0.8500,0.6500,0.9900"
光源控制器,026-TDJS_Vision.Forms.LightAdd.FrmLightListView.png,029-光源控制器.png,1,设备列表与新增入口,"0.0100,0.0600,0.2600,0.9800"
光源控制器,026-TDJS_Vision.Forms.LightAdd.FrmLightListView.png,029-光源控制器.png,2,设置光源控制器通信参数,"0.2500,0.0600,0.9900,0.9800"
全局信号,017-TDJS_Vision.Forms.GlobalSignalSettings.FormGlobalSignal.png,030-全局信号.png,1,配置视觉准备信号,"0.0400,0.0800,0.9600,0.3500"
全局信号,017-TDJS_Vision.Forms.GlobalSignalSettings.FormGlobalSignal.png,030-全局信号.png,2,配置视觉离线信号,"0.0400,0.3400,0.9600,0.6500"
全局信号,017-TDJS_Vision.Forms.GlobalSignalSettings.FormGlobalSignal.png,030-全局信号.png,3,配置视觉监听信号,"0.0400,0.6400,0.9600,0.9500"
共享变量,099-TDJS_Vision.Node._6_LogicTool.SharedVariable.NodeParamFormSharedVariable.png,031-共享变量.png,1,选择条件、变量或目标流程,"0.0500,0.1000,0.9500,0.3600"
共享变量,099-TDJS_Vision.Node._6_LogicTool.SharedVariable.NodeParamFormSharedVariable.png,031-共享变量.png,2,设置共享变量参数,"0.0500,0.3400,0.9500,0.7800"
共享变量,099-TDJS_Vision.Node._6_LogicTool.SharedVariable.NodeParamFormSharedVariable.png,031-共享变量.png,3,保存或确认配置,"0.2400,0.7700,0.7600,0.9700"
卡尺找圆,064-TDJS_Vision.Node._4_Measurement.CaliperCircle.NodeParamFormCaliperCircle.png,032-卡尺找圆.png,1,选择输入图像或上游结果,"0.0200,0.0800,0.4500,0.2900"
卡尺找圆,064-TDJS_Vision.Node._4_Measurement.CaliperCircle.NodeParamFormCaliperCircle.png,032-卡尺找圆.png,2,设置卡尺找圆关键参数,"0.0200,0.2700,0.4600,0.8400"
卡尺找圆,064-TDJS_Vision.Node._4_Measurement.CaliperCircle.NodeParamFormCaliperCircle.png,032-卡尺找圆.png,3,查看 ROI 或运行效果,"0.4400,0.0800,0.9800,0.8600"
卡尺找圆,064-TDJS_Vision.Node._4_Measurement.CaliperCircle.NodeParamFormCaliperCircle.png,032-卡尺找圆.png,4,执行并确认,"0.4400,0.8500,0.9800,0.9900"
卡尺找椭圆,065-TDJS_Vision.Node._4_Measurement.CaliperEllipse.NodeParamFormCaliperEllipse.png,033-卡尺找椭圆.png,1,选择输入图像或上游结果,"0.0200,0.0800,0.4500,0.2900"
卡尺找椭圆,065-TDJS_Vision.Node._4_Measurement.CaliperEllipse.NodeParamFormCaliperEllipse.png,033-卡尺找椭圆.png,2,设置卡尺找椭圆关键参数,"0.0200,0.2700,0.4600,0.8400"
卡尺找椭圆,065-TDJS_Vision.Node._4_Measurement.CaliperEllipse.NodeParamFormCaliperEllipse.png,033-卡尺找椭圆.png,3,查看 ROI 或运行效果,"0.4400,0.0800,0.9800,0.8600"
卡尺找椭圆,065-TDJS_Vision.Node._4_Measurement.CaliperEllipse.NodeParamFormCaliperEllipse.png,033-卡尺找椭圆.png,4,执行并确认,"0.4400,0.8500,0.9800,0.9900"
卡尺找线,066-TDJS_Vision.Node._4_Measurement.CaliperLine.NodeParamFormCaliperLine.png,034-卡尺找线.png,1,选择输入图像或上游结果,"0.0200,0.0800,0.4500,0.2900"
卡尺找线,066-TDJS_Vision.Node._4_Measurement.CaliperLine.NodeParamFormCaliperLine.png,034-卡尺找线.png,2,设置卡尺找线关键参数,"0.0200,0.2700,0.4600,0.8400"
卡尺找线,066-TDJS_Vision.Node._4_Measurement.CaliperLine.NodeParamFormCaliperLine.png,034-卡尺找线.png,3,查看 ROI 或运行效果,"0.4400,0.0800,0.9800,0.8600"
卡尺找线,066-TDJS_Vision.Node._4_Measurement.CaliperLine.NodeParamFormCaliperLine.png,034-卡尺找线.png,4,执行并确认,"0.4400,0.8500,0.9800,0.9900"
发送AI结果,073-TDJS_Vision.Node._5_EquipmentCommunication.AIResultSend.ParamFormSignalSend.png,035-发送AI结果.png,1,选择通信设备或信号来源,"0.0500,0.1000,0.9500,0.3600"
发送AI结果,073-TDJS_Vision.Node._5_EquipmentCommunication.AIResultSend.ParamFormSignalSend.png,035-发送AI结果.png,2,设置发送AI结果参数,"0.0500,0.3400,0.9500,0.7800"
发送AI结果,073-TDJS_Vision.Node._5_EquipmentCommunication.AIResultSend.ParamFormSignalSend.png,035-发送AI结果.png,3,保存或确认配置,"0.2400,0.7700,0.7600,0.9700"
否则,094-TDJS_Vision.Node._6_LogicTool.If.NodeParamFormIf.png,036-否则.png,1,选择条件、变量或目标流程,"0.0500,0.1000,0.9500,0.3600"
否则,094-TDJS_Vision.Node._6_LogicTool.If.NodeParamFormIf.png,036-否则.png,2,设置否则参数,"0.0500,0.3400,0.9500,0.7800"
否则,094-TDJS_Vision.Node._6_LogicTool.If.NodeParamFormIf.png,036-否则.png,3,保存或确认配置,"0.2400,0.7700,0.7600,0.9700"
四则运算,088-TDJS_Vision.Node._6_LogicTool.ArithmeticOperation.NodeParamFormArithmeticOperation.png,037-四则运算.png,1,选择条件、变量或目标流程,"0.0500,0.1000,0.9500,0.3600"
四则运算,088-TDJS_Vision.Node._6_LogicTool.ArithmeticOperation.NodeParamFormArithmeticOperation.png,037-四则运算.png,2,设置四则运算参数,"0.0500,0.3400,0.9500,0.7800"
四则运算,088-TDJS_Vision.Node._6_LogicTool.ArithmeticOperation.NodeParamFormArithmeticOperation.png,037-四则运算.png,3,保存或确认配置,"0.2400,0.7700,0.7600,0.9700"
图像分割,053-TDJS_Vision.Node._2_ImagePreprocessing.ImageSplit.ParamFormImageSplit.png,038-图像分割.png,1,选择输入图像或上游结果,"0.0200,0.0800,0.4500,0.2900"
图像分割,053-TDJS_Vision.Node._2_ImagePreprocessing.ImageSplit.ParamFormImageSplit.png,038-图像分割.png,2,设置图像分割关键参数,"0.0200,0.2700,0.4600,0.8400"
图像分割,053-TDJS_Vision.Node._2_ImagePreprocessing.ImageSplit.ParamFormImageSplit.png,038-图像分割.png,3,查看 ROI 或运行效果,"0.4400,0.0800,0.9800,0.8600"
图像分割,053-TDJS_Vision.Node._2_ImagePreprocessing.ImageSplit.ParamFormImageSplit.png,038-图像分割.png,4,执行并确认,"0.4400,0.8500,0.9800,0.9900"
图像旋转,052-TDJS_Vision.Node._2_ImagePreprocessing.ImageRotate.NodeParamFormImageRotate.png,039-图像旋转.png,1,选择输入图像或上游结果,"0.0200,0.0800,0.4500,0.2900"
图像旋转,052-TDJS_Vision.Node._2_ImagePreprocessing.ImageRotate.NodeParamFormImageRotate.png,039-图像旋转.png,2,设置图像旋转关键参数,"0.0200,0.2700,0.4600,0.8400"
图像旋转,052-TDJS_Vision.Node._2_ImagePreprocessing.ImageRotate.NodeParamFormImageRotate.png,039-图像旋转.png,3,查看 ROI 或运行效果,"0.4400,0.0800,0.9800,0.8600"
图像旋转,052-TDJS_Vision.Node._2_ImagePreprocessing.ImageRotate.NodeParamFormImageRotate.png,039-图像旋转.png,4,执行并确认,"0.4400,0.8500,0.9800,0.9900"
图像显示,047-TDJS_Vision.Node._1_Acquisition.ImageSource.ParamFormImageShow.png,040-图像显示.png,1,订阅需要显示的图像,"0.0500,0.1200,0.9500,0.6200"
图像显示,047-TDJS_Vision.Node._1_Acquisition.ImageSource.ParamFormImageShow.png,040-图像显示.png,2,确认图像显示配置,"0.2600,0.6000,0.7400,0.9600"
图像源,048-TDJS_Vision.Node._1_Acquisition.ImageSource.ParamFormImageSource.png,041-图像源.png,1,选择相机或本地图像来源,"0.0400,0.1000,0.9600,0.4200"
图像源,048-TDJS_Vision.Node._1_Acquisition.ImageSource.ParamFormImageSource.png,041-图像源.png,2,设置触发、超时和采集参数,"0.0400,0.3800,0.9600,0.8200"
图像源,048-TDJS_Vision.Node._1_Acquisition.ImageSource.ParamFormImageSource.png,041-图像源.png,3,保存图像源配置,"0.3000,0.8000,0.7000,0.9800"
图像裁剪,050-TDJS_Vision.Node._2_ImagePreprocessing.ImageCrop.NodeParamFormImageCrop.png,042-图像裁剪.png,1,选择输入图像或上游结果,"0.0200,0.0800,0.4500,0.2900"
图像裁剪,050-TDJS_Vision.Node._2_ImagePreprocessing.ImageCrop.NodeParamFormImageCrop.png,042-图像裁剪.png,2,设置图像裁剪关键参数,"0.0200,0.2700,0.4600,0.8400"
图像裁剪,050-TDJS_Vision.Node._2_ImagePreprocessing.ImageCrop.NodeParamFormImageCrop.png,042-图像裁剪.png,3,查看 ROI 或运行效果,"0.4400,0.0800,0.9800,0.8600"
图像裁剪,050-TDJS_Vision.Node._2_ImagePreprocessing.ImageCrop.NodeParamFormImageCrop.png,042-图像裁剪.png,4,执行并确认,"0.4400,0.8500,0.9800,0.9900"
图像预处理,051-TDJS_Vision.Node._2_ImagePreprocessing.ImagePreprocess.NodeParamFormImagePreprocess.png,043-图像预处理.png,1,选择输入图像或上游结果,"0.0200,0.0800,0.4500,0.2900"
图像预处理,051-TDJS_Vision.Node._2_ImagePreprocessing.ImagePreprocess.NodeParamFormImagePreprocess.png,043-图像预处理.png,2,设置图像预处理关键参数,"0.0200,0.2700,0.4600,0.8400"
图像预处理,051-TDJS_Vision.Node._2_ImagePreprocessing.ImagePreprocess.NodeParamFormImagePreprocess.png,043-图像预处理.png,3,查看 ROI 或运行效果,"0.4400,0.0800,0.9800,0.8600"
图像预处理,051-TDJS_Vision.Node._2_ImagePreprocessing.ImagePreprocess.NodeParamFormImagePreprocess.png,043-图像预处理.png,4,执行并确认,"0.4400,0.8500,0.9800,0.9900"
圆检测,057-TDJS_Vision.Node._3_Detection.FindCircle.NodeParamFormFindCircle.png,044-圆检测.png,1,选择输入图像或上游结果,"0.0200,0.0800,0.4500,0.2900"
圆检测,057-TDJS_Vision.Node._3_Detection.FindCircle.NodeParamFormFindCircle.png,044-圆检测.png,2,设置圆检测关键参数,"0.0200,0.2700,0.4600,0.8400"
圆检测,057-TDJS_Vision.Node._3_Detection.FindCircle.NodeParamFormFindCircle.png,044-圆检测.png,3,查看 ROI 或运行效果,"0.4400,0.0800,0.9800,0.8600"
圆检测,057-TDJS_Vision.Node._3_Detection.FindCircle.NodeParamFormFindCircle.png,044-圆检测.png,4,执行并确认,"0.4400,0.8500,0.9800,0.9900"
多条件判断,096-TDJS_Vision.Node._6_LogicTool.MultiCondition.NodeParamFormMultiCondition.png,045-多条件判断.png,1,选择条件、变量或目标流程,"0.0500,0.1000,0.9500,0.3600"
多条件判断,096-TDJS_Vision.Node._6_LogicTool.MultiCondition.NodeParamFormMultiCondition.png,045-多条件判断.png,2,设置多条件判断参数,"0.0500,0.3400,0.9500,0.7800"
多条件判断,096-TDJS_Vision.Node._6_LogicTool.MultiCondition.NodeParamFormMultiCondition.png,045-多条件判断.png,3,保存或确认配置,"0.2400,0.7700,0.7600,0.9700"
大模型调用,059-TDJS_Vision.Node._3_Detection.LargeModel.ParamFormLargeModelDetection.png,046-大模型调用.png,1,选择输入图像或上游结果,"0.0200,0.0800,0.4500,0.2900"
大模型调用,059-TDJS_Vision.Node._3_Detection.LargeModel.ParamFormLargeModelDetection.png,046-大模型调用.png,2,设置大模型调用关键参数,"0.0200,0.2700,0.4600,0.8400"
大模型调用,059-TDJS_Vision.Node._3_Detection.LargeModel.ParamFormLargeModelDetection.png,046-大模型调用.png,3,查看 ROI 或运行效果,"0.4400,0.0800,0.9800,0.8600"
大模型调用,059-TDJS_Vision.Node._3_Detection.LargeModel.ParamFormLargeModelDetection.png,046-大模型调用.png,4,执行并确认,"0.4400,0.8500,0.9800,0.9900"
如果,094-TDJS_Vision.Node._6_LogicTool.If.NodeParamFormIf.png,047-如果.png,1,选择条件、变量或目标流程,"0.0500,0.1000,0.9500,0.3600"
如果,094-TDJS_Vision.Node._6_LogicTool.If.NodeParamFormIf.png,047-如果.png,2,设置如果参数,"0.0500,0.3400,0.9500,0.7800"
如果,094-TDJS_Vision.Node._6_LogicTool.If.NodeParamFormIf.png,047-如果.png,3,保存或确认配置,"0.2400,0.7700,0.7600,0.9700"
定期删除图片,104-TDJS_Vision.Node._7_ResultProcessing.ImageDelete.NodeParamFormImageDelete.png,048-定期删除图片.png,1,选择上游结果或目标目录,"0.0500,0.1000,0.9500,0.3600"
定期删除图片,104-TDJS_Vision.Node._7_ResultProcessing.ImageDelete.NodeParamFormImageDelete.png,048-定期删除图片.png,2,设置定期删除图片参数,"0.0500,0.3400,0.9500,0.7800"
定期删除图片,104-TDJS_Vision.Node._7_ResultProcessing.ImageDelete.NodeParamFormImageDelete.png,048-定期删除图片.png,3,保存或确认配置,"0.2400,0.7700,0.7600,0.9700"
导出检测表格,103-TDJS_Vision.Node._7_ResultProcessing.GenerateExcelSpreadsheet.ParamFormGenerateExcel.png,049-导出检测表格.png,1,选择导出目录和文件名,"0.0300,0.0800,0.9700,0.3500"
导出检测表格,103-TDJS_Vision.Node._7_ResultProcessing.GenerateExcelSpreadsheet.ParamFormGenerateExcel.png,049-导出检测表格.png,2,选择导出字段和分卷规则,"0.0300,0.3200,0.9700,0.8200"
导出检测表格,103-TDJS_Vision.Node._7_ResultProcessing.GenerateExcelSpreadsheet.ParamFormGenerateExcel.png,049-导出检测表格.png,3,保存导出配置,"0.3000,0.8000,0.7000,0.9800"
延迟执行,100-TDJS_Vision.Node._6_LogicTool.SleepTool.NodeParamFormSleepTool.png,050-延迟执行.png,1,选择条件、变量或目标流程,"0.0500,0.1000,0.9500,0.3600"
延迟执行,100-TDJS_Vision.Node._6_LogicTool.SleepTool.NodeParamFormSleepTool.png,050-延迟执行.png,2,设置延迟执行参数,"0.0500,0.3400,0.9500,0.7800"
延迟执行,100-TDJS_Vision.Node._6_LogicTool.SleepTool.NodeParamFormSleepTool.png,050-延迟执行.png,3,保存或确认配置,"0.2400,0.7700,0.7600,0.9700"
弹窗,095-TDJS_Vision.Node._6_LogicTool.MessageBox.NodeParamFormMessageBox.png,051-弹窗.png,1,选择条件、变量或目标流程,"0.0500,0.1000,0.9500,0.3600"
弹窗,095-TDJS_Vision.Node._6_LogicTool.MessageBox.NodeParamFormMessageBox.png,051-弹窗.png,2,设置弹窗参数,"0.0500,0.3400,0.9500,0.7800"
弹窗,095-TDJS_Vision.Node._6_LogicTool.MessageBox.NodeParamFormMessageBox.png,051-弹窗.png,3,保存或确认配置,"0.2400,0.7700,0.7600,0.9700"
打开光源,078-TDJS_Vision.Node._5_EquipmentCommunication.LightOpen.ParamFormLight.png,052-打开光源.png,1,选择通信设备或信号来源,"0.0500,0.1000,0.9500,0.3600"
打开光源,078-TDJS_Vision.Node._5_EquipmentCommunication.LightOpen.ParamFormLight.png,052-打开光源.png,2,设置打开光源参数,"0.0500,0.3400,0.9500,0.7800"
打开光源,078-TDJS_Vision.Node._5_EquipmentCommunication.LightOpen.ParamFormLight.png,052-打开光源.png,3,保存或确认配置,"0.2400,0.7700,0.7600,0.9700"
找点,067-TDJS_Vision.Node._4_Measurement.FindPoint.NodeParamFormFindPoint.png,053-找点.png,1,选择输入图像或上游结果,"0.0200,0.0800,0.4500,0.2900"
找点,067-TDJS_Vision.Node._4_Measurement.FindPoint.NodeParamFormFindPoint.png,053-找点.png,2,设置找点关键参数,"0.0200,0.2700,0.4600,0.8400"
找点,067-TDJS_Vision.Node._4_Measurement.FindPoint.NodeParamFormFindPoint.png,053-找点.png,3,查看 ROI 或运行效果,"0.4400,0.0800,0.9800,0.8600"
找点,067-TDJS_Vision.Node._4_Measurement.FindPoint.NodeParamFormFindPoint.png,053-找点.png,4,执行并确认,"0.4400,0.8500,0.9800,0.9900"
方案管理,034-TDJS_Vision.Forms.ProcessNew.FormNewProcessWizard.png,054-方案管理.png,1,选择或新建流程,"0.0000,0.0500,0.2000,0.9800"
方案管理,034-TDJS_Vision.Forms.ProcessNew.FormNewProcessWizard.png,054-方案管理.png,2,配置方案流程工作区,"0.1800,0.0500,0.9900,0.9800"
无监督检测,063-TDJS_Vision.Node._3_Detection.Unsupervised.ParamFormUnsupervisedDetection.png,055-无监督检测.png,1,选择输入图像或上游结果,"0.0200,0.0800,0.4500,0.2900"
无监督检测,063-TDJS_Vision.Node._3_Detection.Unsupervised.ParamFormUnsupervisedDetection.png,055-无监督检测.png,2,设置无监督检测关键参数,"0.0200,0.2700,0.4600,0.8400"
无监督检测,063-TDJS_Vision.Node._3_Detection.Unsupervised.ParamFormUnsupervisedDetection.png,055-无监督检测.png,3,查看 ROI 或运行效果,"0.4400,0.0800,0.9800,0.8600"
无监督检测,063-TDJS_Vision.Node._3_Detection.Unsupervised.ParamFormUnsupervisedDetection.png,055-无监督检测.png,4,执行并确认,"0.4400,0.8500,0.9800,0.9900"
条件运行,092-TDJS_Vision.Node._6_LogicTool.ConditionRun.NodeParamFormConditionRun.png,056-条件运行.png,1,选择条件、变量或目标流程,"0.0500,0.1000,0.9500,0.3600"
条件运行,092-TDJS_Vision.Node._6_LogicTool.ConditionRun.NodeParamFormConditionRun.png,056-条件运行.png,2,设置条件运行参数,"0.0500,0.3400,0.9500,0.7800"
条件运行,092-TDJS_Vision.Node._6_LogicTool.ConditionRun.NodeParamFormConditionRun.png,056-条件运行.png,3,保存或确认配置,"0.2400,0.7700,0.7600,0.9700"
检测结果显示,038-TDJS_Vision.Forms.ResultView.FrmResultView.png,057-检测结果显示.png,1,选择上游结果或目标目录,"0.0500,0.1000,0.9500,0.3600"
检测结果显示,038-TDJS_Vision.Forms.ResultView.FrmResultView.png,057-检测结果显示.png,2,设置检测结果显示参数,"0.0500,0.3400,0.9500,0.7800"
检测结果显示,038-TDJS_Vision.Forms.ResultView.FrmResultView.png,057-检测结果显示.png,3,保存或确认配置,"0.2400,0.7700,0.7600,0.9700"
检测项配置,016-TDJS_Vision.Forms.DetectItemManager.FormDetectItemManager.png,058-检测项配置.png,1,选择检测项文件和刷新列表,"0.0100,0.0600,0.9900,0.2800"
检测项配置,016-TDJS_Vision.Forms.DetectItemManager.FormDetectItemManager.png,058-检测项配置.png,2,配置检测项名称和规格,"0.0100,0.2600,0.9900,0.8800"
检测项配置,016-TDJS_Vision.Forms.DetectItemManager.FormDetectItemManager.png,058-检测项配置.png,3,添加、导出并保存检测项,"0.4800,0.1200,0.9900,0.2900"
模版匹配,060-TDJS_Vision.Node._3_Detection.MatchTemplate.NodeParamFormMatchTemplate.png,059-模版匹配.png,1,选择输入图像或上游结果,"0.0200,0.0800,0.4500,0.2900"
模版匹配,060-TDJS_Vision.Node._3_Detection.MatchTemplate.NodeParamFormMatchTemplate.png,059-模版匹配.png,2,设置模版匹配关键参数,"0.0200,0.2700,0.4600,0.8400"
模版匹配,060-TDJS_Vision.Node._3_Detection.MatchTemplate.NodeParamFormMatchTemplate.png,059-模版匹配.png,3,查看 ROI 或运行效果,"0.4400,0.0800,0.9800,0.8600"
模版匹配,060-TDJS_Vision.Node._3_Detection.MatchTemplate.NodeParamFormMatchTemplate.png,059-模版匹配.png,4,执行并确认,"0.4400,0.8500,0.9800,0.9900"
流程信号,097-TDJS_Vision.Node._6_LogicTool.ProcessSignal.NodeParamFormProcessSignal.png,060-流程信号.png,1,选择条件、变量或目标流程,"0.0500,0.1000,0.9500,0.3600"
流程信号,097-TDJS_Vision.Node._6_LogicTool.ProcessSignal.NodeParamFormProcessSignal.png,060-流程信号.png,2,设置流程信号参数,"0.0500,0.3400,0.9500,0.7800"
流程信号,097-TDJS_Vision.Node._6_LogicTool.ProcessSignal.NodeParamFormProcessSignal.png,060-流程信号.png,3,保存或确认配置,"0.2400,0.7700,0.7600,0.9700"
流程画布,002-平台基础-主界面-停止运行状态.png,061-流程画布.png,1,选择需要编辑的流程,"0.0000,0.1000,0.3600,0.1800"
流程画布,002-平台基础-主界面-停止运行状态.png,061-流程画布.png,2,拖拽节点并搭建流程,"0.0200,0.1700,0.9900,0.9900"
流程管理,034-TDJS_Vision.Forms.ProcessNew.FormNewProcessWizard.png,062-流程管理.png,1,选择流程类型,"0.0000,0.0500,0.2000,0.9800"
流程管理,034-TDJS_Vision.Forms.ProcessNew.FormNewProcessWizard.png,062-流程管理.png,2,新增、切换和组织流程,"0.1800,0.0500,0.9900,0.1800"
点到区域距离,071-TDJS_Vision.Node._4_Measurement.PointRegionDistance.NodeParamFormPointRegionDistance.png,063-点到区域距离.png,1,选择输入图像或上游结果,"0.0200,0.0800,0.4500,0.2900"
点到区域距离,071-TDJS_Vision.Node._4_Measurement.PointRegionDistance.NodeParamFormPointRegionDistance.png,063-点到区域距离.png,2,设置点到区域距离关键参数,"0.0200,0.2700,0.4600,0.8400"
点到区域距离,071-TDJS_Vision.Node._4_Measurement.PointRegionDistance.NodeParamFormPointRegionDistance.png,063-点到区域距离.png,3,查看 ROI 或运行效果,"0.4400,0.0800,0.9800,0.8600"
点到区域距离,071-TDJS_Vision.Node._4_Measurement.PointRegionDistance.NodeParamFormPointRegionDistance.png,063-点到区域距离.png,4,执行并确认,"0.4400,0.8500,0.9800,0.9900"
点到点距离,070-TDJS_Vision.Node._4_Measurement.PointPointDistance.NodeParamFormPointPointDistance.png,064-点到点距离.png,1,选择输入图像或上游结果,"0.0200,0.0800,0.4500,0.2900"
点到点距离,070-TDJS_Vision.Node._4_Measurement.PointPointDistance.NodeParamFormPointPointDistance.png,064-点到点距离.png,2,设置点到点距离关键参数,"0.0200,0.2700,0.4600,0.8400"
点到点距离,070-TDJS_Vision.Node._4_Measurement.PointPointDistance.NodeParamFormPointPointDistance.png,064-点到点距离.png,3,查看 ROI 或运行效果,"0.4400,0.0800,0.9800,0.8600"
点到点距离,070-TDJS_Vision.Node._4_Measurement.PointPointDistance.NodeParamFormPointPointDistance.png,064-点到点距离.png,4,执行并确认,"0.4400,0.8500,0.9800,0.9900"
点到线距离,069-TDJS_Vision.Node._4_Measurement.PointLineDistance.NodeParamFormPointLineDistance.png,065-点到线距离.png,1,选择输入图像或上游结果,"0.0200,0.0800,0.4500,0.2900"
点到线距离,069-TDJS_Vision.Node._4_Measurement.PointLineDistance.NodeParamFormPointLineDistance.png,065-点到线距离.png,2,设置点到线距离关键参数,"0.0200,0.2700,0.4600,0.8400"
点到线距离,069-TDJS_Vision.Node._4_Measurement.PointLineDistance.NodeParamFormPointLineDistance.png,065-点到线距离.png,3,查看 ROI 或运行效果,"0.4400,0.0800,0.9800,0.8600"
点到线距离,069-TDJS_Vision.Node._4_Measurement.PointLineDistance.NodeParamFormPointLineDistance.png,065-点到线距离.png,4,执行并确认,"0.4400,0.8500,0.9800,0.9900"
用户登录与权限,028-TDJS_Vision.Forms.Login.FormLogin.png,066-用户登录与权限.png,1,选择人员角色并输入权限密码,"0.1800,0.2400,0.8400,0.7000"
用户登录与权限,028-TDJS_Vision.Forms.Login.FormLogin.png,066-用户登录与权限.png,2,登录或退出当前角色,"0.1800,0.6700,0.8400,0.9400"
电池极耳检测,054-TDJS_Vision.Node._3_Detection.BatteryEar.NodeParamFormBatteryEar.png,067-电池极耳检测.png,1,选择输入图像或上游结果,"0.0200,0.0800,0.4500,0.2900"
电池极耳检测,054-TDJS_Vision.Node._3_Detection.BatteryEar.NodeParamFormBatteryEar.png,067-电池极耳检测.png,2,设置电池极耳检测关键参数,"0.0200,0.2700,0.4600,0.8400"
电池极耳检测,054-TDJS_Vision.Node._3_Detection.BatteryEar.NodeParamFormBatteryEar.png,067-电池极耳检测.png,3,查看 ROI 或运行效果,"0.4400,0.0800,0.9800,0.8600"
电池极耳检测,054-TDJS_Vision.Node._3_Detection.BatteryEar.NodeParamFormBatteryEar.png,067-电池极耳检测.png,4,执行并确认,"0.4400,0.8500,0.9800,0.9900"
监听全局信号,082-TDJS_Vision.Node._5_EquipmentCommunication.PlcRead.ParamFormFlagRead.png,068-监听全局信号.png,1,选择通信设备或信号来源,"0.0500,0.1000,0.9500,0.3600"
监听全局信号,082-TDJS_Vision.Node._5_EquipmentCommunication.PlcRead.ParamFormFlagRead.png,068-监听全局信号.png,2,设置监听全局信号参数,"0.0500,0.3400,0.9500,0.7800"
监听全局信号,082-TDJS_Vision.Node._5_EquipmentCommunication.PlcRead.ParamFormFlagRead.png,068-监听全局信号.png,3,保存或确认配置,"0.2400,0.7700,0.7600,0.9700"
直线检测,058-TDJS_Vision.Node._3_Detection.FindLine.NodeParamFormFindLine.png,069-直线检测.png,1,选择输入图像或上游结果,"0.0200,0.0800,0.4500,0.2900"
直线检测,058-TDJS_Vision.Node._3_Detection.FindLine.NodeParamFormFindLine.png,069-直线检测.png,2,设置直线检测关键参数,"0.0200,0.2700,0.4600,0.8400"
直线检测,058-TDJS_Vision.Node._3_Detection.FindLine.NodeParamFormFindLine.png,069-直线检测.png,3,查看 ROI 或运行效果,"0.4400,0.0800,0.9800,0.8600"
直线检测,058-TDJS_Vision.Node._3_Detection.FindLine.NodeParamFormFindLine.png,069-直线检测.png,4,执行并确认,"0.4400,0.8500,0.9800,0.9900"
相机IO,074-TDJS_Vision.Node._5_EquipmentCommunication.CameraIO.ParamFormCameraIO.png,070-相机IO.png,1,选择通信设备或信号来源,"0.0500,0.1000,0.9500,0.3600"
相机IO,074-TDJS_Vision.Node._5_EquipmentCommunication.CameraIO.ParamFormCameraIO.png,070-相机IO.png,2,设置相机IO参数,"0.0500,0.3400,0.9500,0.7800"
相机IO,074-TDJS_Vision.Node._5_EquipmentCommunication.CameraIO.ParamFormCameraIO.png,070-相机IO.png,3,保存或确认配置,"0.2400,0.7700,0.7600,0.9700"
相机IO手动控制,075-TDJS_Vision.Node._5_EquipmentCommunication.CamerIOImprovement.ParamFormCameraIOManual.png,071-相机IO手动控制.png,1,选择通信设备或信号来源,"0.0500,0.1000,0.9500,0.3600"
相机IO手动控制,075-TDJS_Vision.Node._5_EquipmentCommunication.CamerIOImprovement.ParamFormCameraIOManual.png,071-相机IO手动控制.png,2,设置相机IO手动控制参数,"0.0500,0.3400,0.9500,0.7800"
相机IO手动控制,075-TDJS_Vision.Node._5_EquipmentCommunication.CamerIOImprovement.ParamFormCameraIOManual.png,071-相机IO手动控制.png,3,保存或确认配置,"0.2400,0.7700,0.7600,0.9700"
科锐IO模块,077-TDJS_Vision.Node._5_EquipmentCommunication.ERUIIO.ParamFormERUIIO.png,072-科锐IO模块.png,1,选择通信设备或信号来源,"0.0500,0.1000,0.9500,0.3600"
科锐IO模块,077-TDJS_Vision.Node._5_EquipmentCommunication.ERUIIO.ParamFormERUIIO.png,072-科锐IO模块.png,2,设置科锐IO模块参数,"0.0500,0.3400,0.9500,0.7800"
科锐IO模块,077-TDJS_Vision.Node._5_EquipmentCommunication.ERUIIO.ParamFormERUIIO.png,072-科锐IO模块.png,3,保存或确认配置,"0.2400,0.7700,0.7600,0.9700"
等待流程完成,101-TDJS_Vision.Node._6_LogicTool.WaitProcessComplete.NodeParamFormWaitProcessComplete.png,073-等待流程完成.png,1,选择条件、变量或目标流程,"0.0500,0.1000,0.9500,0.3600"
等待流程完成,101-TDJS_Vision.Node._6_LogicTool.WaitProcessComplete.NodeParamFormWaitProcessComplete.png,073-等待流程完成.png,2,设置等待流程完成参数,"0.0500,0.3400,0.9500,0.7800"
等待流程完成,101-TDJS_Vision.Node._6_LogicTool.WaitProcessComplete.NodeParamFormWaitProcessComplete.png,073-等待流程完成.png,3,保存或确认配置,"0.2400,0.7700,0.7600,0.9700"
系统设置,041-TDJS_Vision.Forms.SystemSetting.FrmSystemSetting.png,074-系统设置.png,1,设置软件启动方式,"0.0200,0.0600,0.9800,0.3000"
系统设置,041-TDJS_Vision.Forms.SystemSetting.FrmSystemSetting.png,074-系统设置.png,2,设置默认方案与自动运行,"0.0200,0.2800,0.9800,0.7200"
系统设置,041-TDJS_Vision.Forms.SystemSetting.FrmSystemSetting.png,074-系统设置.png,3,设置日志记录级别,"0.0200,0.7000,0.9800,0.9800"
线到线夹角,068-TDJS_Vision.Node._4_Measurement.LineLineAngle.NodeParamFormLineLineAngle.png,075-线到线夹角.png,1,选择输入图像或上游结果,"0.0200,0.0800,0.4500,0.2900"
线到线夹角,068-TDJS_Vision.Node._4_Measurement.LineLineAngle.NodeParamFormLineLineAngle.png,075-线到线夹角.png,2,设置线到线夹角关键参数,"0.0200,0.2700,0.4600,0.8400"
线到线夹角,068-TDJS_Vision.Node._4_Measurement.LineLineAngle.NodeParamFormLineLineAngle.png,075-线到线夹角.png,3,查看 ROI 或运行效果,"0.4400,0.0800,0.9800,0.8600"
线到线夹角,068-TDJS_Vision.Node._4_Measurement.LineLineAngle.NodeParamFormLineLineAngle.png,075-线到线夹角.png,4,执行并确认,"0.4400,0.8500,0.9800,0.9900"
线组合拟合,110-TDJS_Vision.Node._8_GeometryCreation.LineMergeFit.NodeParamFormLineMergeFit.png,076-线组合拟合.png,1,选择输入图像或上游结果,"0.0200,0.0800,0.4500,0.2900"
线组合拟合,110-TDJS_Vision.Node._8_GeometryCreation.LineMergeFit.NodeParamFormLineMergeFit.png,076-线组合拟合.png,2,设置线组合拟合关键参数,"0.0200,0.2700,0.4600,0.8400"
线组合拟合,110-TDJS_Vision.Node._8_GeometryCreation.LineMergeFit.NodeParamFormLineMergeFit.png,076-线组合拟合.png,3,查看 ROI 或运行效果,"0.4400,0.0800,0.9800,0.8600"
线组合拟合,110-TDJS_Vision.Node._8_GeometryCreation.LineMergeFit.NodeParamFormLineMergeFit.png,076-线组合拟合.png,4,执行并确认,"0.4400,0.8500,0.9800,0.9900"
组合模块,090-TDJS_Vision.Node._6_LogicTool.CompositeModule.NodeParamFormCompositeModule.png,077-组合模块.png,1,选择条件、变量或目标流程,"0.0500,0.1000,0.9500,0.3600"
组合模块,090-TDJS_Vision.Node._6_LogicTool.CompositeModule.NodeParamFormCompositeModule.png,077-组合模块.png,2,设置组合模块参数,"0.0500,0.3400,0.9500,0.7800"
组合模块,090-TDJS_Vision.Node._6_LogicTool.CompositeModule.NodeParamFormCompositeModule.png,077-组合模块.png,3,保存或确认配置,"0.2400,0.7700,0.7600,0.9700"
组合输入,089-TDJS_Vision.Node._6_LogicTool.CompositeModule.NodeParamFormCompositeInput.png,078-组合输入.png,1,选择条件、变量或目标流程,"0.0500,0.1000,0.9500,0.3600"
组合输入,089-TDJS_Vision.Node._6_LogicTool.CompositeModule.NodeParamFormCompositeInput.png,078-组合输入.png,2,设置组合输入参数,"0.0500,0.3400,0.9500,0.7800"
组合输入,089-TDJS_Vision.Node._6_LogicTool.CompositeModule.NodeParamFormCompositeInput.png,078-组合输入.png,3,保存或确认配置,"0.2400,0.7700,0.7600,0.9700"
组合输出,091-TDJS_Vision.Node._6_LogicTool.CompositeModule.NodeParamFormCompositeOutput.png,079-组合输出.png,1,选择条件、变量或目标流程,"0.0500,0.1000,0.9500,0.3600"
组合输出,091-TDJS_Vision.Node._6_LogicTool.CompositeModule.NodeParamFormCompositeOutput.png,079-组合输出.png,2,设置组合输出参数,"0.0500,0.3400,0.9500,0.7800"
组合输出,091-TDJS_Vision.Node._6_LogicTool.CompositeModule.NodeParamFormCompositeOutput.png,079-组合输出.png,3,保存或确认配置,"0.2400,0.7700,0.7600,0.9700"
结束如果,094-TDJS_Vision.Node._6_LogicTool.If.NodeParamFormIf.png,080-结束如果.png,1,选择条件、变量或目标流程,"0.0500,0.1000,0.9500,0.3600"
结束如果,094-TDJS_Vision.Node._6_LogicTool.If.NodeParamFormIf.png,080-结束如果.png,2,设置结束如果参数,"0.0500,0.3400,0.9500,0.7800"
结束如果,094-TDJS_Vision.Node._6_LogicTool.If.NodeParamFormIf.png,080-结束如果.png,3,保存或确认配置,"0.2400,0.7700,0.7600,0.9700"
结果汇总,109-TDJS_Vision.Node._7_ResultProcessing.ResultSummarize.ParamFormSummarize.png,081-结果汇总.png,1,选择上游结果或目标目录,"0.0500,0.1000,0.9500,0.3600"
结果汇总,109-TDJS_Vision.Node._7_ResultProcessing.ResultSummarize.ParamFormSummarize.png,081-结果汇总.png,2,设置结果汇总参数,"0.0500,0.3400,0.9500,0.7800"
结果汇总,109-TDJS_Vision.Node._7_ResultProcessing.ResultSummarize.ParamFormSummarize.png,081-结果汇总.png,3,保存或确认配置,"0.2400,0.7700,0.7600,0.9700"
触发同组流程,098-TDJS_Vision.Node._6_LogicTool.ProcessTrigger.NodeParamFormProcessTrigger.png,082-触发同组流程.png,1,选择条件、变量或目标流程,"0.0500,0.1000,0.9500,0.3600"
触发同组流程,098-TDJS_Vision.Node._6_LogicTool.ProcessTrigger.NodeParamFormProcessTrigger.png,082-触发同组流程.png,2,设置触发同组流程参数,"0.0500,0.3400,0.9500,0.7800"
触发同组流程,098-TDJS_Vision.Node._6_LogicTool.ProcessTrigger.NodeParamFormProcessTrigger.png,082-触发同组流程.png,3,保存或确认配置,"0.2400,0.7700,0.7600,0.9700"
运行参数,040-TDJS_Vision.Forms.SolRunParam.FormSolRunParam.png,083-运行参数.png,1,选择通信与运行参数页,"0.0200,0.0800,0.9800,0.2800"
运行参数,040-TDJS_Vision.Forms.SolRunParam.FormSolRunParam.png,083-运行参数.png,2,设置方案运行参数,"0.0200,0.2500,0.9800,0.9000"
运行参数,040-TDJS_Vision.Forms.SolRunParam.FormSolRunParam.png,083-运行参数.png,3,保存运行配置,"0.3500,0.8800,0.6500,0.9900"
运行控制,002-平台基础-主界面-停止运行状态.png,084-运行控制.png,1,单次运行、循环运行与停止,"0.7500,0.0100,0.9900,0.1200"
运行日志,001-平台基础-软件启动-主窗口.png,085-运行日志.png,1,从视图菜单打开运行日志,"0.0500,0.0100,0.1900,0.1000"
运行日志,001-平台基础-软件启动-主窗口.png,085-运行日志.png,2,查看流程运行状态,"0.0200,0.1600,0.9900,0.9900"
颜色识别,056-TDJS_Vision.Node._3_Detection.ColorDiscern.NodeParamFormColorDiscern.png,086-颜色识别.png,1,选择输入图像或上游结果,"0.0200,0.0800,0.4500,0.2900"
颜色识别,056-TDJS_Vision.Node._3_Detection.ColorDiscern.NodeParamFormColorDiscern.png,086-颜色识别.png,2,设置颜色识别关键参数,"0.0200,0.2700,0.4600,0.8400"
颜色识别,056-TDJS_Vision.Node._3_Detection.ColorDiscern.NodeParamFormColorDiscern.png,086-颜色识别.png,3,查看 ROI 或运行效果,"0.4400,0.0800,0.9800,0.8600"
颜色识别,056-TDJS_Vision.Node._3_Detection.ColorDiscern.NodeParamFormColorDiscern.png,086-颜色识别.png,4,执行并确认,"0.4400,0.8500,0.9800,0.9900"
